ある	ある	0	0	is there	一些	некоторые
日	日	1	0	Day	天	день
の	の	0	0	of	的	из
事	事	0	0	Thing	事	вещь
で	だ	0	0	I	我	Я
ござい	ござる	0	0	A bamboo basket	竹筐	Бамбуковая корзина
ます	ます	0	0	You	您	вы
。	。	0	1	.	。	,
御	御	0	0	Your	你的	ваш
釈迦	釈迦	0	0	Buddha	佛	Будда
様	様	0	0	Mr	像	как
は	は	0	0	It is	这是	Здесь
極楽	極楽	0	0	Paradise	天堂	рай
の	の	0	0	of	的	из
蓮池	蓮池	0	0	Hasuike	莲池	Hasuike
の	の	0	0	of	的	из
ふち	ふち	1	0	Brink	边缘	Brink
を	を	0	0	The	该
、	、	0	0	,	，	,
独り	独り	1	0	alone	独	один
で	で	0	0	so	在	в
ぶらぶら	ぶらぶら	0	0	Aimlessly	等闲	Бесцельно
御	御	0	0	Your	你的	ваш
歩き	歩き	1	0	Walking	步行	ходьба
に	に	0	0	To	至	к
なっ	なる	0	0	Become	变	становится
て	て	0	0	On	上	на
いらっしゃい	いらっしゃる	0	0	Come	来	прийти
まし	ます	0	0	You	您	вы
た	た	0	0	It was	这是	было
。	。	0	1	.	。	,
池	池	1	0	pond	池塘	пруд
の	の	0	0	of	的	из
中	中	0	0	During ~	中	среда
に	に	0	0	To	至	к
咲い	咲く	1	0	bloom	盛开	цветение
て	て	0	0	On	上	на
いる	いる	0	0	Roast	烤	обжиг
蓮	蓮	0	0	lotus	莲花	лотос
の	の	0	0	of	的	из
花	花	0	0	flower	花	цветок
は	は	0	0	It is	这是	Здесь
、	、	0	0	,	，	,
みんな	みんな	0	0	Everyone	明娜	Минна
玉	玉	0	0	ball	球	мяч
の	の	0	0	of	的	из
よう	よう	0	0	Yo	呦	Yo
に	に	0	0	To	至	к
まっ白	まっ白	0	0	Pure white	皑皑	Чистый белый
で	で	0	0	so	在	в
、	、	0	0	,	，	,
その	その	0	0	That	该
まん中	まん中	0	0	The middle	中间	середина
に	に	0	0	To	至	к
ある	ある	0	0	is there	一些	некоторые
金色	金色	0	0	Gold	金	золото
の	の	0	0	of	的	из
蕊	蕊	0	0	Stamens	雄蕊	Тычинок
から	から	0	0	From	从	из
は	は	0	0	It is	这是	Здесь
、	、	0	0	,	，	,
何とも	何とも	0	0	Indescribably	别提	Непередаваемо
云え	云う	0	0	say	说	сказать
ない	ない	0	0	Absent	没有	Не имею
好い	好い	0	0	good	良好	хорошо
匂	匂	1	0	Smell	闻	обоняние
が	が	0	0	But	那里	Там
、	、	0	0	,	，	,
絶間	絶間	0	0	Constantly	经常	постоянно
なく	ない	0	0	Absent	没有	Не имею
あたり	あたり	0	0	Strike	罢工	стачка
へ	へ	0	0	What	至	к
溢れ	溢れる	1	0	Overflow	溢出	перелив
て	て	0	0	On	上	на
居り	居る	0	0	Have	有	иметь
ます	ます	0	0	You	您	вы
。	。	0	1	.	。	,
極楽	極楽	0	0	Paradise	天堂	рай
は	は	0	0	It is	这是	Здесь
丁度	丁度	0	0	exactly	刚	как раз
朝	朝	1	0	Morning	上午	утро
な	だ	0	0	I	我	Я
の	の	0	0	of	的	из
で	だ	0	0	I	我	Я
ござい	ござる	0	0	A bamboo basket	竹筐	Бамбуковая корзина
ましょ	ます	0	0	You	您	вы
う	う	0	0	Cormorant	鸬鹚	баклан
。	。	0	1	.	。	,
やがて	やがて	0	0	Soon	不久	скоро
御	御	0	0	Your	你的	ваш
釈迦	釈迦	0	0	Buddha	佛	Будда
様	様	0	0	Mr	像	как
は	は	0	0	It is	这是	Здесь
その	その	0	0	That	该
池	池	0	0	pond	池塘	пруд
の	の	0	0	of	的	из
ふち	ふち	0	0	Brink	边缘	Brink
に	に	0	0	To	至	к
御	御	0	0	Your	你的	ваш
佇み	佇む	0	0	Nestled	坐落	Удобно
に	に	0	0	To	至	к
なっ	なる	0	0	Become	变	становится
て	て	0	0	On	上	на
、	、	0	0	,	，	,
水	水	1	0	water	水	вода
の	の	0	0	of	的	из
面	面	0	0	surface	面	поверхность
を	を	0	0	The	该
蔽っ	蔽う	0	0	cover	盖	обложка
て	て	0	0	On	上	на
いる	いる	0	0	Roast	烤	обжиг
蓮	蓮	1	0	lotus	莲花	лотос
の	の	0	0	of	的	из
葉	葉	1	0	leaf	叶	лист
の	の	0	0	of	的	из
間	間	0	0	while	之间	между
から	から	0	0	From	从	из
、	、	0	0	,	，	,
ふと	ふと	0	0	Inadvertently	不经意间	ненароком
下	下	0	0	under	下面	ниже
の	の	0	0	of	的	из
様子	様子	1	0	Appearance	外形	внешний вид
を	を	0	0	The	该
御覧	御覧	0	0	Look	看	посмотреть
に	に	0	0	To	至	к
なり	なる	0	0	Become	变	становится
まし	ます	0	0	You	您	вы
た	た	0	0	It was	这是	было
。	。	0	1	.	。	,
この	この	0	0	this	此	Это
極楽	極楽	0	0	Paradise	天堂	рай
の	の	0	0	of	的	из
蓮池	蓮池	0	0	Hasuike	莲池	Hasuike
の	の	0	0	of	的	из
下	下	1	0	under	下面	ниже
は	は	0	0	It is	这是	Здесь
、	、	0	0	,	，	,
丁度	丁度	0	0	exactly	刚	как раз
地獄	地獄	0	0	hell	地狱	ад
の	の	0	0	of	的	из
底	底	0	0	bottom	底部	дно
に	に	0	0	To	至	к
当っ	当る	0	0	Hit	击中	хит
て	て	0	0	On	上	на
居り	居る	0	0	Have	有	иметь
ます	ます	0	0	You	您	вы
から	から	0	0	From	从	из
、	、	0	0	,	，	,
水晶	水晶	0	0	crystal	水晶	кристалл
の	の	0	0	of	的	из
よう	よう	0	0	Yo	呦	Yo
な	だ	0	0	I	我	Я
水	水	0	0	water	水	вода
を	を	0	0	The	该
透き	透く	0	0	be transparent	留下一个缺口	Оставьте зазор
徹し	徹す	0	0	Tessu	Tessu	Tessu
て	て	0	0	On	上	на
、	、	0	0	,	，	,
三	三	0	0	three	三	три
途	途	0	0	Applications	应用	приложений
の	の	0	0	of	的	из
河	河	0	0	river	江	река
や	や	0	0	Ya	雅	Я.
針	針	0	0	needle	针	игла
の	の	0	0	of	的	из
山	山	0	0	Mountain	山	гора
の	の	0	0	of	的	из
景色	景色	0	0	Scenery	风景	декорации
が	が	0	0	But	那里	Там
、	、	0	0	,	，	,
丁度	丁度	0	0	exactly	刚	как раз
覗き	覗き	0	0	Peeping	偷窥	Подглядывание
眼鏡	眼鏡	0	0	glasses	眼镜	очки
を	を	0	0	The	该
見る	見る	0	0	to see	见	посмотреть
よう	よう	0	0	Yo	呦	Yo
に	に	0	0	To	至	к
、	、	0	0	,	，	,
はっきり	はっきり	1	0	clearly	明确地	очевидно
と	と	0	0	When	和	и
見える	見える	1	0	appear	看	посмотреть
の	の	0	0	of	的	из
で	だ	0	0	I	我	Я
ござい	ござる	0	0	A bamboo basket	竹筐	Бамбуковая корзина
ます	ます	0	0	You	您	вы
。	。	0	1	.	。	,
すると	すると	0	0	Then	然后	тогда
その	その	0	0	That	该
地獄	地獄	0	0	hell	地狱	ад
の	の	0	0	of	的	из
底	底	0	0	bottom	底部	дно
に	に	0	0	To	至	к
、	、	0	0	,	，	,
陀多	陀多	0	0	陀多	陀多	陀多
と	と	0	0	When	和	и
云う	云う	0	0	say	说	сказать
男	男	1	0	Man	男人	человек
が	が	0	0	But	那里	Там
一	一	0	0	one	一	один
人	人	0	0	Man	人	люди
、	、	0	0	,	，	,
ほか	ほか	0	0	In addition to	除了	В дополнение к
の	の	0	0	of	的	из
罪人	罪人	0	0	sinner	罪人	грешник
と	と	0	0	When	和	и
一緒	一緒	1	0	together	一起	вместе
に	に	0	0	To	至	к
蠢い	蠢く	0	0	Wriggles	蠕动	извивается
て	て	0	0	On	上	на
いる	いる	0	0	Roast	烤	обжиг
姿	姿	1	0	Appearance	外形	внешний вид
が	が	0	0	But	那里	Там
、	、	0	0	,	，	,
御	御	0	0	Your	你的	ваш
眼	眼	0	0	eye	眼	глаз
に	に	0	0	To	至	к
止まり	止まる	0	0	Stop	停止	остановить
まし	ます	0	0	You	您	вы
た	た	0	0	It was	这是	было
。	。	0	1	.	。	,
この	この	0	0	this	此	Это
陀多	陀多	0	0	陀多	陀多	陀多
と	と	0	0	When	和	и
云う	云う	0	0	say	说	сказать
男	男	0	0	Man	男人	человек
は	は	0	0	It is	这是	Здесь
、	、	0	0	,	，	,
人	人	1	0	Man	人	люди
を	を	0	0	The	该
殺し	殺す	0	0	kill	杀	убить
たり	たり	0	0	Or	或	или
家	家	1	0	House	房子	дом
に	に	0	0	To	至	к
火	火	0	0	fire	火	огонь
を	を	0	0	The	该
つけ	つける	0	0	Put on	穿	надевать
たり	たり	0	0	Or	或	или
、	、	0	0	,	，	,
いろいろ	いろいろ	1	0	various	各个	различный
悪事	悪事	0	0	Wrongdoing	坏事	проступок
を	を	0	0	The	该
働い	働く	0	0	work	工作	работа
た	た	0	0	It was	这是	было
大	大	0	0	Big	大	большой
泥坊	泥坊	0	0	thief	贼	вор
で	だ	0	0	I	我	Я
ござい	ござる	0	0	A bamboo basket	竹筐	Бамбуковая корзина
ます	ます	0	0	You	您	вы
が	が	0	0	But	那里	Там
、	、	0	0	,	，	,
それでも	それでも	0	0	Still	还	еще
たった	たった	0	0	only	只	только
一つ	一つ	0	0	One	一	один
、	、	0	0	,	，	,
善い	善い	0	0	good	良好	хорошо
事	事	0	0	Thing	事	вещь
を	を	0	0	The	该
致し	致す	0	0	Itasu	Itasu	Itasu
た	た	0	0	It was	这是	было
覚え	覚え	1	0	Remember	记得	запомнить
が	が	0	0	But	那里	Там
ござい	ござる	0	0	A bamboo basket	竹筐	Бамбуковая корзина
ます	ます	0	0	You	您	вы
。	。	0	1	.	。	,
と	と	0	0	When	和	и
申し	申す	0	0	Mosu	Mosu	MOSU
ます	ます	0	0	You	您	вы
の	の	0	0	of	的	из
は	は	0	0	It is	这是	Здесь
、	、	0	0	,	，	,
ある	ある	0	0	is there	一些	некоторые
時	時	0	0	Time	当	когда
この	この	0	0	this	此	Это
男	男	0	0	Man	男人	человек
が	が	0	0	But	那里	Там
深い	深い	0	0	deep	深	глубокая
林	林	1	0	Forest	森林	лес
の	の	0	0	of	的	из
中	中	0	0	During ~	中	среда
を	を	0	0	The	该
通り	通る	0	0	Pass through	通过	проходить через
ます	ます	0	0	You	您	вы
と	と	0	0	When	和	и
、	、	0	0	,	，	,
小さな	小さな	0	0	small	一个小	небольшой
蜘蛛	蜘蛛	0	0	spider	蜘蛛	паук
が	が	0	0	But	那里	Там
一	一	0	0	one	一	один
匹	匹	0	0	Animals	动物	животные
、	、	0	0	,	，	,
路	路	0	0	Tract	管道	тракт
ば	ば	0	0	Place	地方	место
た	た	0	0	It was	这是	было
を	を	0	0	The	该
這っ	這う	0	0	Crawl	爬行	ползать
て	て	0	0	On	上	на
行く	行く	0	0	go	去	идти
の	の	0	0	of	的	из
が	が	0	0	But	那里	Там
見え	見える	1	0	appear	看	посмотреть
まし	ます	0	0	You	您	вы
た	た	0	0	It was	这是	было
。	。	0	1	.	。	,
そこで	そこで	0	0	there	那里	Там
陀多	陀多	0	0	陀多	陀多	陀多
は	は	0	0	It is	这是	Здесь
早速	早速	0	0	immediately	立即	немедленно
足	足	0	0	leg	脚	ножка
を	を	0	0	The	该
挙げ	挙げる	0	0	Raise	提高	поднимать
て	て	0	0	On	上	на
、	、	0	0	,	，	,
踏み	踏む	0	0	Tread	踏	поступь
殺そ	殺す	0	0	kill	杀	убить
う	う	0	0	Cormorant	鸬鹚	баклан
と	と	0	0	When	和	и
致し	致す	0	0	Itasu	Itasu	Itasu
まし	ます	0	0	You	您	вы
た	た	0	0	It was	这是	было
が	が	0	0	But	那里	Там
、	、	0	0	,	，	,
「	「	0	0	"	“	"
いや	いや	0	0	Disagreeable	否	нет
、	、	0	0	,	，	,
いや	いや	0	0	Disagreeable	否	нет
、	、	0	0	,	，	,
これ	これ	1	0	this	此	Это
も	も	0	0	Also	还有	а также
小さい	小さい	0	0	small	小	небольшой
ながら	ながら	0	0	Though	虽然	хотя
、	、	0	0	,	，	,
命	命	0	0	life	生活	жизнь
の	の	0	0	of	的	из
ある	ある	0	0	is there	一些	некоторые
もの	もの	0	0	thing	事	вещь
に	に	0	0	To	至	к
違い	違い	0	0	the difference	区别	разница
ない	ない	0	0	Absent	没有	Не имею
。	。	0	0	.	。	,
その	その	0	0	That	该
命	命	1	0	life	生活	жизнь
を	を	0	0	The	该
無	無	0	0	Nothing	没什么	Ничего
暗に	暗に	0	0	implicitly	隐式	молчаливо
とる	とる	0	0	Take on	担当	приобретать
と	と	0	0	When	和	и
云う	云う	0	0	say	说	сказать
事	事	0	0	Thing	事	вещь
は	は	0	0	It is	这是	Здесь
、	、	0	0	,	，	,
いくら	いくら	0	0	How much	多少	сколько
何	何	0	0	what	什么	какие
でも	でも	0	0	But	但	но
可哀そう	可哀そう	1	0	Poor	穷	бедных
だ	だ	0	0	I	我	Я
。	。	0	0	.	。	,
」	」	0	0	"	“	"
と	と	0	0	When	和	и
、	、	0	0	,	，	,
こう	こう	0	0	like this	此	Это
急に	急に	1	0	suddenly	突然	вдруг
思い返し	思い返す	0	0	Think back upon	回想在	Подумайте назад на
て	て	0	0	On	上	на
、	、	0	0	,	，	,
とうとう	とうとう	0	0	At last	终于	наконец
その	その	0	0	That	该
蜘蛛	蜘蛛	0	0	spider	蜘蛛	паук
を	を	0	0	The	该
殺さ	殺す	0	0	kill	杀	убить
ず	ぬ	0	0	Unexpected	意外	непредвиденный
に	に	0	0	To	至	к
助け	助ける	1	0	help	帮助	помощь
て	て	0	0	On	上	на
やっ	やる	0	0	do	做	делать
た	た	0	0	It was	这是	было
から	から	0	0	From	从	из
で	だ	0	0	I	我	Я
ござい	ござる	0	0	A bamboo basket	竹筐	Бамбуковая корзина
ます	ます	0	0	You	您	вы
。	。	0	1	.	。	,
御	御	0	0	Your	你的	ваш
釈迦	釈迦	0	0	Buddha	佛	Будда
様	様	0	0	Mr	像	как
は	は	0	0	It is	这是	Здесь
地獄	地獄	1	0	hell	地狱	ад
の	の	0	0	of	的	из
様子	様子	0	0	Appearance	外形	внешний вид
を	を	0	0	The	该
御覧	御覧	0	0	Look	看	посмотреть
に	に	0	0	To	至	к
なり	なる	0	0	Become	变	становится
ながら	ながら	0	0	Though	虽然	хотя
、	、	0	0	,	，	,
この	この	0	0	this	此	Это
陀多	陀多	0	0	陀多	陀多	陀多
に	に	0	0	To	至	к
は	は	0	0	It is	这是	Здесь
蜘蛛	蜘蛛	0	0	spider	蜘蛛	паук
を	を	0	0	The	该
助け	助ける	0	0	help	帮助	помощь
た	た	0	0	It was	这是	было
事	事	0	0	Thing	事	вещь
が	が	0	0	But	那里	Там
ある	ある	0	0	is there	一些	некоторые
の	の	0	0	of	的	из
を	を	0	0	The	该
御	御	0	0	Your	你的	ваш
思い出し	思い出す	1	0	remember	召回	отзыв
に	に	0	0	To	至	к
なり	なる	0	0	Become	变	становится
まし	ます	0	0	You	您	вы
た	た	0	0	It was	这是	было
。	。	0	1	.	。	,
そうして	そうして	0	0	Then	然后	тогда
それだけ	それだけ	0	0	that's all	那么多	столько
の	の	0	0	of	的	из
善い	善い	0	0	good	良好	хорошо
事	事	0	0	Thing	事	вещь
を	を	0	0	The	该
し	する	0	0	Make	使	сделать
た	た	0	0	It was	这是	было
報	報	0	0	Broadcast	广播	Broadcast
に	に	0	0	To	至	к
は	は	0	0	It is	这是	Здесь
、	、	0	0	,	，	,
出来る	出来る	0	0	Be able to	能够	Быть в состоянии
なら	だ	0	0	I	我	Я
、	、	0	0	,	，	,
この	この	0	0	this	此	Это
男	男	0	0	Man	男人	человек
を	を	0	0	The	该
地獄	地獄	0	0	hell	地狱	ад
から	から	0	0	From	从	из
救い出し	救い出す	1	0	Rescue	营救	спасание
て	て	0	0	On	上	на
やろ	やる	0	0	do	做	делать
う	う	0	0	Cormorant	鸬鹚	баклан
と	と	0	0	When	和	и
御	御	0	0	Your	你的	ваш
考え	考え	0	0	Thinking	思维	мышление
に	に	0	0	To	至	к
なり	なる	0	0	Become	变	становится
まし	ます	0	0	You	您	вы
た	た	0	0	It was	这是	было
。	。	0	1	.	。	,
幸い	幸い	0	0	Fortunately	幸	к счастью
、	、	0	0	,	，	,
側	側	0	0	~ side	侧	сторона
を	を	0	0	The	该
見	見る	0	0	to see	见	посмотреть
ます	ます	0	0	You	您	вы
と	と	0	0	When	和	и
、	、	0	0	,	，	,
翡翠	翡翠	0	0	Jade	玉	нефрит
の	の	0	0	of	的	из
よう	よう	0	0	Yo	呦	Yo
な	だ	0	0	I	我	Я
色	色	0	0	color	颜色	цвет
を	を	0	0	The	该
し	する	0	0	Make	使	сделать
た	た	0	0	It was	这是	было
蓮	蓮	0	0	lotus	莲花	лотос
の	の	1	0	of	的	из
葉	葉	0	0	leaf	叶	лист
の	の	1	0	of	的	из
上	上	0	0	Up	以上	выше
に	に	0	0	To	至	к
、	、	0	0	,	，	,
極楽	極楽	0	0	Paradise	天堂	рай
の	の	0	0	of	的	из
蜘蛛	蜘蛛	0	0	spider	蜘蛛	паук
が	が	0	0	But	那里	Там
一	一	0	0	one	一	один
匹	匹	0	0	Animals	动物	животные
、	、	0	0	,	，	,
美しい	美しい	1	0	beautiful	美丽	красивый
銀色	銀色	0	0	Silver	银	серебро
の	の	0	0	of	的	из
糸	糸	0	0	yarn	线	нить
を	を	0	0	The	该
かけ	かける	0	0	Play	玩	играть
て	て	0	0	On	上	на
居り	居る	0	0	Have	有	иметь
ます	ます	0	0	You	您	вы
。	。	0	1	.	。	,
御	御	0	0	Your	你的	ваш
釈迦	釈迦	0	0	Buddha	佛	Будда
様	様	0	0	Mr	像	как
は	は	0	0	It is	这是	Здесь
その	その	0	0	That	该
蜘蛛	蜘蛛	0	0	spider	蜘蛛	паук
の	の	0	0	of	的	из
糸	糸	1	0	yarn	线	нить
を	を	0	0	The	该
そっと	そっと	0	0	Softly	轻轻	мягко
御	御	0	0	Your	你的	ваш
手	手	1	0	hand	手	рука
に	に	0	0	To	至	к
御	御	0	0	Your	你的	ваш
取り	取り	0	0	take	取	взять
に	に	0	0	To	至	к
なっ	なる	0	0	Become	变	становится
て	て	0	0	On	上	на
、	、	0	0	,	，	,
玉	玉	0	0	ball	球	мяч
の	の	0	0	of	的	из
よう	よう	0	0	Yo	呦	Yo
な	だ	0	0	I	我	Я
白蓮	白蓮	0	0	White Lotus	白莲教	Белый Лотос
の	の	0	0	of	的	из
間	間	0	0	while	之间	между
から	から	0	0	From	从	из
、	、	0	0	,	，	,
遥か	遥か	0	0	far	远	далеко
下	下	0	0	under	下面	ниже
に	に	0	0	To	至	к
ある	ある	0	0	is there	一些	некоторые
地獄	地獄	1	0	hell	地狱	ад
の	の	0	0	of	的	из
底	底	1	0	bottom	底部	дно
へ	へ	0	0	What	至	к
、	、	0	0	,	，	,
まっすぐ	まっすぐ	1	0	Straight	直	прямой
に	に	0	0	To	至	к
それ	それ	0	0	It	它	это
を	を	0	0	The	该
御	御	0	0	Your	你的	ваш
下し	下す	0	0	Judge	法官	судья
なさい	なさる	0	0	Nasaru	Nasaru	Nasaru
まし	ます	0	0	You	您	вы
た	た	0	0	It was	这是	было
。	。	0	1	.	。	,
こちら	こちら	0	0	This direction	这个方向	Это направление
は	は	0	0	It is	这是	Здесь
地獄	地獄	0	0	hell	地狱	ад
の	の	1	0	of	的	из
底	底	0	0	bottom	底部	дно
の	の	0	0	of	的	из
血の池	血の池	0	0	Pool of blood	血池	Бассейн крови
で	で	0	0	so	在	в
、	、	0	0	,	，	,
ほか	ほか	0	0	In addition to	除了	В дополнение к
の	の	0	0	of	的	из
罪人	罪人	1	0	sinner	罪人	грешник
と	と	0	0	When	和	и
一緒に	一緒に	1	0	together	一起	вместе
、	、	0	0	,	，	,
浮い	浮く	0	0	float	浮动	терка
たり	たり	0	0	Or	或	или
沈ん	沈む	0	0	Sink	水槽	раковина
だり	だり	0	0	Dari	达里语	дари
し	する	0	0	Make	使	сделать
て	て	0	0	On	上	на
い	いる	0	0	Roast	烤	обжиг
た	た	0	0	It was	这是	было
で	だ	0	0	I	我	Я
ござい	ござる	0	0	A bamboo basket	竹筐	Бамбуковая корзина
ます	ます	0	0	You	您	вы
。	。	0	1	.	。	,
何しろ	何しろ	0	0	Anyway	无论如何	во всяком случае
どちら	どちら	0	0	Which	或	либо
を	を	0	0	The	该
見	見る	0	0	to see	见	посмотреть
て	て	0	0	On	上	на
も	も	0	0	Also	还有	а также
、	、	0	0	,	，	,
まっ暗	まっ暗	0	0	Total darkness	完全的黑暗	Полная темнота
で	で	0	0	so	在	в
、	、	0	0	,	，	,
たまに	たまに	0	0	Occasionally	偶尔	иногда
その	その	0	0	That	该
くら	くら	0	0	Saddle	鞍	седловина
暗から	暗い	0	0	dark	黑暗	темно
ぼんやり	ぼんやり	0	0	Blankly	面无表情	безучастно
浮き	浮く	0	0	float	浮动	терка
上っ	上る	0	0	climb	攀登	набор высоты
て	て	0	0	On	上	на
いる	いる	0	0	Roast	烤	обжиг
もの	もの	0	0	thing	事	вещь
が	が	0	0	But	那里	Там
ある	ある	0	0	is there	一些	некоторые
と	と	0	0	When	和	и
思い	思う	1	0	think	我认为，	Я думаю,
ます	ます	0	0	You	您	вы
と	と	0	0	When	和	и
、	、	0	0	,	，	,
それ	それ	0	0	It	它	это
は	は	0	0	It is	这是	Здесь
恐し	恐い	1	0	Frightening	可怕	пугающий
い	いる	0	0	Roast	烤	обжиг
針	針	0	0	needle	针	игла
の	の	0	0	of	的	из
山	山	1	0	Mountain	山	гора
の	の	0	0	of	的	из
針	針	1	0	needle	针	игла
が	が	0	0	But	那里	Там
光る	光る	0	0	Shining	发光的	сияющий
の	の	0	0	of	的	из
で	だ	0	0	I	我	Я
ござい	ござる	0	0	A bamboo basket	竹筐	Бамбуковая корзина
ます	ます	0	0	You	您	вы
から	から	0	0	From	从	из
、	、	0	0	,	，	,
その	その	0	0	That	该
心細	心細い	0	0	Lonely	寂寞	одинокий
さ	さ	0	0
と	と	0	0	When	和	и
云っ	云う	0	0	say	说	сказать
たら	た	0	0	It was	这是	было
ござい	ござる	0	0	A bamboo basket	竹筐	Бамбуковая корзина
ませ	ます	0	0	You	您	вы
ん	ん	0	0	Hmm
。	。	0	1	.	。	,
その	その	0	0	That	该
上	上	0	0	Up	以上	выше
あたり	あたり	0	0	Strike	罢工	стачка
は	は	0	0	It is	这是	Здесь
墓	墓	0	0	Grave	严重	могила
の	の	0	0	of	的	из
中	中	0	0	During ~	中	среда
の	の	0	0	of	的	из
よう	よう	0	0	Yo	呦	Yo
に	に	0	0	To	至	к
しん	しん	0	0	Shin	胫	голень
と	と	0	0	When	和	и
静まり返っ	静まり返る	0	0	Dead calm	风平浪静	мертвый штиль
て	て	0	0	On	上	на
、	、	0	0	,	，	,
たま	たま	0	0	Tama	多摩	Tama
に	に	0	0	To	至	к
聞える	聞える	1	0	Hear	听到	Слушайте
もの	もの	0	0	thing	事	вещь
と	と	0	0	When	和	и
云っ	云う	0	0	say	说	сказать
て	て	0	0	On	上	на
は	は	0	0	It is	这是	Здесь
、	、	0	0	,	，	,
ただ	ただ	0	0	However	简单地	просто
罪人	罪人	1	0	sinner	罪人	грешник
が	が	0	0	But	那里	Там
つく	つく	0	0	Take	取	взять
微	微	0	0	Fine	精	штраф
な	だ	0	0	I	我	Я
嘆息	嘆息	0	0	Sigh	叹息	вздыхать
ばかり	ばかり	0	0	Just	刚	как раз
で	だ	0	0	I	我	Я
ござい	ござる	0	0	A bamboo basket	竹筐	Бамбуковая корзина
ます	ます	0	0	You	您	вы
。	。	0	1	.	。	,
これ	これ	0	0	this	此	Это
は	は	0	0	It is	这是	Здесь
ここ	ここ	0	0	here	这里	здесь
へ	へ	0	0	What	至	к
落ち	落ちる	1	0	drop down	下跌	падение
て	て	0	0	On	上	на
来る	来る	0	0	come	来	прийти
ほど	ほど	0	0	About	关于	о
の	の	0	0	of	的	из
人間	人間	1	0	Human	人的	человек
は	は	0	0	It is	这是	Здесь
、	、	0	0	,	，	,
もう	もう	0	0	Already	更	более
さまざま	さまざま	0	0	Various	各个	различный
な	だ	0	0	I	我	Я
地獄	地獄	0	0	hell	地狱	ад
の	の	0	0	of	的	из
責苦	責苦	0	0	Semeku	Semeku	Semeku
に	に	0	0	To	至	к
疲れはて	疲れはてる	0	0	Tsukarehateru	Tsukarehateru	Tsukarehateru
て	て	0	0	On	上	на
、	、	0	0	,	，	,
声	声	1	0	voice	声音	голос
を	を	0	0	The	该
出す	出す	0	0	put out	扑灭	гасить
力	力	0	0	Power	电源	Мощность
さえ	さえ	0	0	even	甚至	даже
なくなっ	なくなる	0	0	Disappear	消失	пропадать
て	て	0	0	On	上	на
いる	いる	0	0	Roast	烤	обжиг
の	の	0	0	of	的	из
で	だ	0	0	I	我	Я
ござい	ござる	0	0	A bamboo basket	竹筐	Бамбуковая корзина
ましょ	ます	0	0	You	您	вы
う	う	0	0	Cormorant	鸬鹚	баклан
。	。	0	1	.	。	,
です	です	0	0	is	这是	Здесь
から	から	0	0	From	从	из
さすが	さすが	0	0	Indeed	的确	в самом деле
大	大	0	0	Big	大	большой
泥坊	泥坊	0	0	thief	贼	вор
の	の	0	0	of	的	из
も	も	0	0	Also	还有	а также
、	、	0	0	,	，	,
やはり	やはり	0	0	also	还	еще
血の池	血の池	0	0	Pool of blood	血池	Бассейн крови
の	の	0	0	of	的	из
血	血	1	0	blood	血	кровь
に	に	0	0	To	至	к
咽び	咽ぶ	0	0	Choked	哽咽	душили
ながら	ながら	0	0	Though	虽然	хотя
、	、	0	0	,	，	,
まるで	まるで	0	0	as if	像	как
死に	死ぬ	1	0	die	死	умереть
かかっ	かかる	0	0	Take	取	взять
た	た	0	0	It was	这是	было
蛙	蛙	0	0	frog	青蛙	лягушка
の	の	0	0	of	的	из
よう	よう	0	0	Yo	呦	Yo
に	に	0	0	To	至	к
、	、	0	0	,	，	,
ただ	ただ	0	0	However	简单地	просто
もがい	もがく	0	0	Struggle	斗争	борьба
て	て	0	0	On	上	на
ばかり	ばかり	0	0	Just	刚	как раз
居り	居る	0	0	Have	有	иметь
まし	ます	0	0	You	您	вы
た	た	0	0	It was	这是	было
。	。	0	1	.	。	,
ところが	ところが	0	0	However	然而	однако
ある	ある	0	0	is there	一些	некоторые
時	時	0	0	Time	当	когда
の	の	0	0	of	的	из
事	事	0	0	Thing	事	вещь
で	だ	0	0	I	我	Я
ござい	ござる	0	0	A bamboo basket	竹筐	Бамбуковая корзина
ます	ます	0	0	You	您	вы
。	。	0	1	.	。	,
何気なく	何気ない	0	0	casual	随便	случайный
が	が	0	0	But	那里	Там
頭	頭	1	0	Head	头	руководитель
を	を	0	0	The	该
挙げ	挙げる	0	0	Raise	提高	поднимать
て	て	0	0	On	上	на
、	、	0	0	,	，	,
血の池	血の池	0	0	Pool of blood	血池	Бассейн крови
の	の	0	0	of	的	из
空	空	1	0	Sky	天空	небо
を	を	0	0	The	该
眺め	眺める	1	0	Look	看	посмотреть
ます	ます	0	0	You	您	вы
と	と	0	0	When	和	и
、	、	0	0	,	，	,
その	その	0	0	That	该
ひっそり	ひっそり	0	0	Quiet	安静	бесшумный
と	と	0	0	When	和	и
し	する	0	0	Make	使	сделать
た	た	0	0	It was	这是	было
暗	暗い	0	0	dark	黑暗	темно
の	の	0	0	of	的	из
中	中	0	0	During ~	中	среда
を	を	0	0	The	该
、	、	0	0	,	，	,
遠い	遠い	1	0	Distant	遥远	отдаленный
遠い	遠い	1	0	Distant	遥远	отдаленный
天上	天上	0	0	Heavens	天	небо
から	から	0	0	From	从	из
、	、	0	0	,	，	,
銀色	銀色	1	0	Silver	银	серебро
の	の	0	0	of	的	из
蜘蛛	蜘蛛	0	0	spider	蜘蛛	паук
の	の	0	0	of	的	из
糸	糸	1	0	yarn	线	нить
が	が	0	0	But	那里	Там
、	、	0	0	,	，	,
まるで	まるで	0	0	as if	像	как
人目	人目	0	0	Glimpse	一瞥	проблеск
に	に	0	0	To	至	к
かかる	かかる	0	0	Take	取	взять
の	の	0	0	of	的	из
を	を	0	0	The	该
恐れる	恐れる	0	0	fear	恐惧	страх
よう	よう	0	0	Yo	呦	Yo
に	に	0	0	To	至	к
、	、	0	0	,	，	,
一すじ	一すじ	0	0	Ray	射线	луч
細く	細い	0	0	thin	薄	тонкий
光り	光る	1	0	Shining	发光的	сияющий
ながら	ながら	0	0	Though	虽然	хотя
、	、	0	0	,	，	,
するする	するする	0	0	Surusuru	Surusuru	Surusuru
と	と	0	0	When	和	и
自分	自分	0	0	myself	自己	сам
の	の	0	0	of	的	из
上	上	0	0	Up	以上	выше
へ	へ	0	0	What	至	к
垂れ	垂れる	0	0	Drip	滴	капельный
て	て	0	0	On	上	на
参る	参る	0	0	Be beaten	被打	побит
の	の	0	0	of	的	из
で	だ	0	0	I	我	Я
は	は	0	0	It is	这是	Здесь
ござい	ござる	0	0	A bamboo basket	竹筐	Бамбуковая корзина
ませ	ます	0	0	You	您	вы
ん	ん	0	0	Hmm
か	か	0	0	Or	或	или
。	。	0	1	.	。	,
陀多	陀多	0	0	陀多	陀多	陀多
は	は	0	0	It is	这是	Здесь
これ	これ	0	0	this	此	Это
を	を	0	0	The	该
見る	見る	0	0	to see	见	посмотреть
と	と	0	0	When	和	и
、	、	0	0	,	，	,
思わず	思わず	0	0	Unintentionally	无意中	нечаянно
手	手	0	0	hand	手	рука
を	を	0	0	The	该
拍	拍	1	0	Beat	打	бить
って	って	0	0	I	我	Я
喜び	喜ぶ	0	0	Rejoice	庆幸	радоваться
まし	ます	0	0	You	您	вы
た	た	0	0	It was	这是	было
。	。	0	1	.	。	,
この	この	0	0	this	此	Это
糸	糸	1	0	yarn	线	нить
に	に	0	0	To	至	к
縋り	縋る	1	0	Cling	依偎	цепляться
つい	つく	0	0	Take	取	взять
て	て	0	0	On	上	на
、	、	0	0	,	，	,
どこ	どこ	0	0	Where	哪里	где
まで	まで	0	0	Until	至	к
も	も	0	0	Also	还有	а также
のぼっ	のぼる	1	0	Climb	攀登	набор высоты
て	て	0	0	On	上	на
行け	行く	0	0	go	去	идти
ば	ば	0	0	Place	地方	место
、	、	0	0	,	，	,
きっと	きっと	0	0	surely	定	конечно
地獄	地獄	0	0	hell	地狱	ад
から	から	1	0	From	从	из
ぬけ	ぬける	0	0	Go flat	走平	Перейти плоский
出せる	出せる	0	0	Put out	扑灭	гасить
の	の	0	0	of	的	из
に	に	0	0	To	至	к
相違	相違	0	0	Difference	区别	разница
ござい	ござる	0	0	A bamboo basket	竹筐	Бамбуковая корзина
ませ	ます	0	0	You	您	вы
ん	ん	0	0	Hmm
。	。	0	1	.	。	,
いや	いや	0	0	Disagreeable	否	нет
、	、	0	0	,	，	,
うまく	うまい	0	0	good	良好	хорошо
行く	行く	0	0	go	去	идти
と	と	0	0	When	和	и
、	、	0	0	,	，	,
極楽	極楽	1	0	Paradise	天堂	рай
へ	へ	0	0	What	至	к
はいる	はいる	0	0	Enter	进入	вводить
事	事	0	0	Thing	事	вещь
さえ	さえ	0	0	even	甚至	даже
も	も	0	0	Also	还有	а также
出来	出来る	0	0	Be able to	能够	Быть в состоянии
ましょ	ます	0	0	You	您	вы
う	う	0	0	Cormorant	鸬鹚	баклан
。	。	0	1	.	。	,
そう	そう	0	0	so	所以	так
すれ	する	0	0	Make	使	сделать
ば	ば	0	0	Place	地方	место
、	、	0	0	,	，	,
もう	もう	0	0	Already	更	более
針	針	0	0	needle	针	игла
の	の	1	0	of	的	из
山	山	0	0	Mountain	山	гора
へ	へ	0	0	What	至	к
追い上げ	追い上げる	0	0	Catch up	赶上	нагнать
られる	られる	0	0	It is	这是	Здесь
事	事	0	0	Thing	事	вещь
も	も	0	0	Also	还有	а также
なくなれ	なくなる	0	0	Disappear	消失	пропадать
ば	ば	0	0	Place	地方	место
、	、	0	0	,	，	,
血の池	血の池	0	0	Pool of blood	血池	Бассейн крови
に	に	0	0	To	至	к
沈め	沈める	1	0	Submerge	淹没	погружать
られる	られる	0	0	It is	这是	Здесь
事	事	0	0	Thing	事	вещь
も	も	0	0	Also	还有	а также
ある	ある	0	0	is there	一些	некоторые
筈	筈	0	0	Should	应	должен
は	は	0	0	It is	这是	Здесь
ござい	ござる	0	0	A bamboo basket	竹筐	Бамбуковая корзина
ませ	ます	0	0	You	您	вы
ん	ん	0	0	Hmm
。	。	0	1	.	。	,
こう	こう	0	0	like this	此	Это
思い	思う	0	0	think	我认为，	Я думаю,
まし	ます	0	0	You	您	вы
た	た	0	0	It was	这是	было
から	から	0	0	From	从	из
は	は	0	0	It is	这是	Здесь
、	、	0	0	,	，	,
早速	早速	1	0	immediately	立即	немедленно
その	その	0	0	That	该
蜘蛛	蜘蛛	1	0	spider	蜘蛛	паук
の	の	0	0	of	的	из
糸	糸	0	0	yarn	线	нить
を	を	0	0	The	该
両手	両手	1	0	both hands	双手	Обе руки
で	で	0	0	so	在	в
しっかり	しっかり	0	0	Tightly	紧紧	наглухо
と	と	0	0	When	和	и
つかみ	つかむ	0	0	Seize	抢占	конфисковать
ながら	ながら	0	0	Though	虽然	хотя
、	、	0	0	,	，	,
一生懸命	一生懸命	0	0	Hard	硬	жесткий
に	に	0	0	To	至	к
上	上	1	0	Up	以上	выше
へ	へ	0	0	What	至	к
上	上	1	0	Up	以上	выше
へ	へ	0	0	What	至	к
と	と	0	0	When	和	и
たぐり	たぐる	0	0	Move through	通过移动	Перемещение по
のぼり	のぼる	0	0	Climb	攀登	набор высоты
始め	始める	1	0	start	开始	начать
まし	ます	0	0	You	您	вы
た	た	0	0	It was	这是	было
。	。	0	1	.	。	,
元	元	0	0	Origin	起源	происхождения
より	より	0	0	Than	比	чем
大	大	0	0	Big	大	большой
泥坊	泥坊	0	0	thief	贼	вор
の	の	0	0	of	的	из
事	事	0	0	Thing	事	вещь
で	だ	0	0	I	我	Я
ござい	ござる	0	0	A bamboo basket	竹筐	Бамбуковая корзина
ます	ます	0	0	You	您	вы
から	から	0	0	From	从	из
、	、	0	0	,	，	,
こう	こう	0	0	like this	此	Это
云う	云う	0	0	say	说	сказать
事	事	0	0	Thing	事	вещь
に	に	0	0	To	至	к
は	は	0	0	It is	这是	Здесь
昔	昔	0	0	Once upon a time	很久很久以前	Уже давно
から	から	0	0	From	从	из
、	、	0	0	,	，	,
慣れ	慣れる	1	0	Get used to	习惯	Привыкать
切っ	切る	0	0	Cut	切	вырезать
て	て	0	0	On	上	на
いる	いる	0	0	Roast	烤	обжиг
の	の	0	0	of	的	из
で	だ	0	0	I	我	Я
ござい	ござる	0	0	A bamboo basket	竹筐	Бамбуковая корзина
ます	ます	0	0	You	您	вы
。	。	0	1	.	。	,
しかし	しかし	0	0	However	但	но
地獄	地獄	0	0	hell	地狱	ад
と	と	0	0	When	和	и
極楽	極楽	0	0	Paradise	天堂	рай
と	と	0	0	When	和	и
の	の	0	0	of	的	из
間	間	1	0	while	之间	между
は	は	0	0	It is	这是	Здесь
、	、	0	0	,	，	,
何	何	0	0	what	什么	какие
万里	万里	0	0	Thousands of miles	千里	За тысячи миль
と	と	0	0	When	和	и
なく	ない	0	0	Absent	没有	Не имею
ござい	ござる	0	0	A bamboo basket	竹筐	Бамбуковая корзина
ます	ます	0	0	You	您	вы
から	から	0	0	From	从	из
、	、	0	0	,	，	,
いくら	いくら	0	0	How much	多少	сколько
焦っ	焦る	0	0	Be impatient	心急	приспичить
て	て	0	0	On	上	на
見	見る	0	0	to see	见	посмотреть
た	た	0	0	It was	这是	было
所	所	0	0	Place	地方	место
で	で	0	0	so	在	в
、	、	0	0	,	，	,
容易	容易	1	0	Easy	易	легко
に	に	0	0	To	至	к
上	上	0	0	Up	以上	выше
へ	へ	0	0	What	至	к
は	は	0	0	It is	这是	Здесь
出	出る	1	0	Leave	离开	отпуск
られ	られる	0	0	It is	这是	Здесь
ませ	ます	0	0	You	您	вы
ん	ん	0	0	Hmm
。	。	0	1	.	。	,
やや	やや	0	0	kind of	有些	до некоторой степени
しばらく	しばらく	0	0	for a while	一时	На время
のぼる	のぼる	1	0	Climb	攀登	набор высоты
中	中	0	0	During ~	中	среда
に	に	0	0	To	至	к
、	、	0	0	,	，	,
とうとう	とうとう	0	0	At last	终于	наконец
も	も	0	0	Also	还有	а также
くたびれ	くたびれる	1	0	Get tired	累了	устать
て	て	0	0	On	上	на
、	、	0	0	,	，	,
もう	もう	0	0	Already	更	более
一	一	0	0	one	一	один
たぐり	たぐる	0	0	Move through	通过移动	Перемещение по
も	も	0	0	Also	还有	а также
上	上	0	0	Up	以上	выше
の	の	0	0	of	的	из
方	方	0	0	Person	人	человек
へ	へ	0	0	What	至	к
は	は	0	0	It is	这是	Здесь
のぼれ	のぼれる	1	0	Climb	攀登	набор высоты
なく	ない	0	0	Absent	没有	Не имею
なっ	なる	0	0	Become	变	становится
て	て	0	0	On	上	на
しまい	しまう	0	0	Put away	抛弃	убирать
まし	ます	0	0	You	您	вы
た	た	0	0	It was	这是	было
。	。	0	1	.	。	,
そこで	そこで	1	0	there	那里	Там
仕方	仕方	0	0	Way	方式	способ
が	が	0	0	But	那里	Там
ござい	ござる	0	0	A bamboo basket	竹筐	Бамбуковая корзина
ませ	ます	0	0	You	您	вы
ん	ん	0	0	Hmm
から	から	0	0	From	从	из
、	、	0	0	,	，	,
まず	まず	1	0	First	第一	во-первых
一休み	一休み	0	0	Rest	休息	отдых
休む	休む	0	0	rest	休息	отдых
つもり	つもり	0	0	Going	展望	пойти
で	だ	0	0	I	我	Я
、	、	0	0	,	，	,
糸	糸	0	0	yarn	线	нить
の	の	0	0	of	的	из
中途	中途	0	0	Mid-career	职业生涯中期	Середина карьеры
に	に	0	0	To	至	к
ぶら	ぶる	0	0	Pretend	假装	прикидываться
下り	下りる	0	0	Descend	降落	нисходить
ながら	ながら	0	0	Though	虽然	хотя
、	、	0	0	,	，	,
遥か	遥か	0	0	far	远	далеко
に	に	0	0	To	至	к
目の下	目の下	0	0	Under the eyes	眼睛下方	Под глазами
を	を	0	0	The	该
見下し	見下す	0	0	look down	瞧不起	смотреть сверху вниз
まし	ます	0	0	You	您	вы
た	た	0	0	It was	这是	было
。	。	0	1	.	。	,
すると	すると	0	0	Then	然后	тогда
、	、	0	0	,	，	,
一生懸命	一生懸命	0	0	Hard	硬	жесткий
に	に	0	0	To	至	к
のぼっ	のぼる	0	0	Climb	攀登	набор высоты
た	た	0	0	It was	这是	было
甲斐	甲斐	1	0	Worth	值得	стоимость
が	が	0	0	But	那里	Там
あっ	ある	0	0	is there	一些	некоторые
て	て	0	0	On	上	на
、	、	0	0	,	，	,
さっき	さっき	1	0	A little while ago	不久之前	Некоторое время назад
まで	まで	0	0	Until	至	к
自分	自分	0	0	myself	自己	сам
が	が	0	0	But	那里	Там
い	いる	0	0	Roast	烤	обжиг
た	た	0	0	It was	这是	было
血の池	血の池	0	0	Pool of blood	血池	Бассейн крови
は	は	0	0	It is	这是	Здесь
、	、	0	0	,	，	,
今	今	0	0	now	现在	в настоящее время
で	で	0	0	so	在	в
は	は	0	0	It is	这是	Здесь
もう	もう	0	0	Already	更	более
暗	暗い	1	0	dark	黑暗	темно
の	の	0	0	of	的	из
底	底	0	0	bottom	底部	дно
に	に	0	0	To	至	к
いつの間にか	いつの間にか	0	0	Before we knew it	在不知不觉中	Перед тем, как мы знали это
かくれ	かくれる	0	0	Kakureru	Kakureru	Kakureru
て	て	0	0	On	上	на
居り	居る	0	0	Have	有	иметь
ます	ます	0	0	You	您	вы
。	。	0	1	.	。	,
それから	それから	0	0	then	然后	тогда
あの	あの	0	0	that	该	что
ぼんやり	ぼんやり	0	0	Blankly	面无表情	безучастно
光っ	光る	1	0	Shining	发光的	сияющий
て	て	0	0	On	上	на
いる	いる	0	0	Roast	烤	обжиг
恐し	恐い	0	0	Frightening	可怕	пугающий
い	いる	0	0	Roast	烤	обжиг
針	針	1	0	needle	针	игла
の	の	0	0	of	的	из
山	山	0	0	Mountain	山	гора
も	も	0	0	Also	还有	а также
、	、	0	0	,	，	,
足	足	0	0	leg	脚	ножка
の	の	0	0	of	的	из
下	下	0	0	under	下面	ниже
に	に	0	0	To	至	к
なっ	なる	0	0	Become	变	становится
て	て	0	0	On	上	на
しまい	しまう	0	0	Put away	抛弃	убирать
まし	ます	0	0	You	您	вы
た	た	0	0	It was	这是	было
。	。	0	1	.	。	,
この	この	0	0	this	此	Это
分	分	0	0	Minute	分钟	минут
で	で	0	0	so	在	в
のぼっ	のぼる	0	0	Climb	攀登	набор высоты
て	て	0	0	On	上	на
行け	行く	0	0	go	去	идти
ば	ば	0	0	Place	地方	место
、	、	0	0	,	，	,
地獄	地獄	0	0	hell	地狱	ад
から	から	0	0	From	从	из
ぬけ	ぬける	0	0	Go flat	走平	Перейти плоский
出す	出す	0	0	put out	扑灭	гасить
の	の	0	0	of	的	из
も	も	0	0	Also	还有	а также
、	、	0	0	,	，	,
存外	存外	0	0	Zongai	Zongai	Zongai
わけ	わけ	0	0	reason	分	разделенный
が	が	0	0	But	那里	Там
ない	ない	0	0	Absent	没有	Не имею
かも	かも	0	0	maybe	鸭	утка
知れ	知れる	0	0	Come out	问世	выступить
ませ	ます	0	0	You	您	вы
ん	ん	0	0	Hmm
。	。	0	1	.	。	,
陀多	陀多	0	0	陀多	陀多	陀多
は	は	0	0	It is	这是	Здесь
両手	両手	0	0	both hands	双手	Обе руки
を	を	0	0	The	该
蜘蛛	蜘蛛	0	0	spider	蜘蛛	паук
の	の	0	0	of	的	из
糸	糸	0	0	yarn	线	нить
に	に	0	0	To	至	к
からみ	からむ	1	0	Involving	涉及	Привлечение
ながら	ながら	0	0	Though	虽然	хотя
、	、	0	0	,	，	,
ここ	ここ	1	0	here	这里	здесь
へ	へ	0	0	What	至	к
来	来る	1	0	come	来	прийти
て	て	0	0	On	上	на
から	から	0	0	From	从	из
何	何	0	0	what	什么	какие
年	年	0	0	Year	年	год
に	に	0	0	To	至	к
も	も	0	0	Also	还有	а также
出し	出す	0	0	put out	扑灭	гасить
た	た	0	0	It was	这是	было
事	事	0	0	Thing	事	вещь
の	の	0	0	of	的	из
ない	ない	0	0	Absent	没有	Не имею
声	声	1	0	voice	声音	голос
で	で	0	0	so	在	в
、	、	0	0	,	，	,
「	「	0	0	"	“	"
しめ	しめる	0	0	Close	紧缩	затянуть
た	た	0	0	It was	这是	было
。	。	0	0	.	。	,
しめ	しめる	0	0	Close	紧缩	затянуть
た	た	0	0	It was	这是	было
。	。	0	0	.	。	,
」	」	0	0	"	“	"
と	と	0	0	When	和	и
笑い	笑う	1	0	laugh	笑	хохот
まし	ます	0	0	You	您	вы
た	た	0	0	It was	这是	было
。	。	0	1	.	。	,
ところが	ところが	1	0	However	然而	однако
ふと	ふと	0	0	Inadvertently	不经意间	ненароком
気	気	0	0	Care	关怀	уход
が	が	0	0	But	那里	Там
つき	つく	0	0	Take	取	взять
ます	ます	0	0	You	您	вы
と	と	0	0	When	和	и
、	、	0	0	,	，	,
蜘蛛	蜘蛛	0	0	spider	蜘蛛	паук
の	の	0	0	of	的	из
糸	糸	0	0	yarn	线	нить
の	の	0	0	of	的	из
下	下	0	0	under	下面	ниже
の	の	0	0	of	的	из
方	方	0	0	Person	人	человек
に	に	0	0	To	至	к
は	は	0	0	It is	这是	Здесь
、	、	0	0	,	，	,
数	数	0	0	number	数	номер
限	限	0	0	Limited	有限	ограниченной
も	も	0	0	Also	还有	а также
ない	ない	0	0	Absent	没有	Не имею
罪人	罪人	1	0	sinner	罪人	грешник
たち	たち	0	0	Us	我们	нас
が	が	0	0	But	那里	Там
、	、	0	0	,	，	,
自分	自分	0	0	myself	自己	сам
の	の	0	0	of	的	из
のぼっ	のぼる	0	0	Climb	攀登	набор высоты
た	た	0	0	It was	这是	было
後	後	0	0	rear	后来	позже
を	を	0	0	The	该
つけ	つける	0	0	Put on	穿	надевать
て	て	0	0	On	上	на
、	、	0	0	,	，	,
まるで	まるで	0	0	as if	像	как
蟻	蟻	1	0	ant	蚂蚁	муравей
の	の	0	0	of	的	из
行列	行列	0	0	matrix	矩阵	матрица
の	の	0	0	of	的	из
よう	よう	0	0	Yo	呦	Yo
に	に	0	0	To	至	к
、	、	0	0	,	，	,
やはり	やはり	0	0	also	还	еще
上	上	1	0	Up	以上	выше
へ	へ	0	0	What	至	к
上	上	1	0	Up	以上	выше
へ	へ	0	0	What	至	к
一心	一心	0	0	Mind	头脑	ум
に	に	0	0	To	至	к
よじのぼっ	よじのぼる	0	0	Clamber	攀登	карабкаться
て	て	0	0	On	上	на
来る	来る	0	0	come	来	прийти
で	だ	0	0	I	我	Я
は	は	0	0	It is	这是	Здесь
ござい	ござる	0	0	A bamboo basket	竹筐	Бамбуковая корзина
ませ	ます	0	0	You	您	вы
ん	ん	0	0	Hmm
か	か	0	0	Or	或	или
。	。	0	1	.	。	,
陀多	陀多	0	0	陀多	陀多	陀多
は	は	0	0	It is	这是	Здесь
これ	これ	0	0	this	此	Это
を	を	0	0	The	该
見る	見る	0	0	to see	见	посмотреть
と	と	0	0	When	和	и
、	、	0	0	,	，	,
驚い	驚く	1	0	Surprised	感到惊讶	удивленный
た	た	0	0	It was	这是	было
の	の	0	0	of	的	из
と	と	0	0	When	和	и
恐	恐る	1	0	Fear	恐惧	страх
し	する	0	0	Make	使	сделать
い	いる	0	0	Roast	烤	обжиг
の	の	0	0	of	的	из
と	と	0	0	When	和	и
で	で	0	0	so	在	в
、	、	0	0	,	，	,
しばらく	しばらく	1	0	for a while	一时	На время
は	は	0	0	It is	这是	Здесь
ただ	ただ	0	0	However	简单地	просто
、	、	0	0	,	，	,
莫迦	莫迦	1	0	fool	白痴	кретин
の	の	0	0	of	的	из
よう	よう	0	0	Yo	呦	Yo
に	に	0	0	To	至	к
大きな	大きな	0	0	big	伟大	большой
口	口	1	0	mouth	口	рот
を	を	0	0	The	该
開い	開く	1	0	open	开放	открытый
た	た	0	0	It was	这是	было
まま	まま	0	0	Leave	离开	отпуск
、	、	0	0	,	，	,
眼	眼	0	0	eye	眼	глаз
ばかり	ばかり	0	0	Just	刚	как раз
動かし	動かす	0	0	move	移动	перемещение
て	て	0	0	On	上	на
居り	居る	0	0	Have	有	иметь
まし	ます	0	0	You	您	вы
た	た	0	0	It was	这是	было
。	。	0	1	.	。	,
自分	自分	0	0	myself	自己	сам
一	一	0	0	one	一	один
人	人	0	0	Man	人	люди
で	だ	0	0	I	我	Я
さえ	さえ	0	0	even	甚至	даже
切れ	切れ	1	0	Cut	切	вырезать
そう	そう	0	0	so	所以	так
な	だ	0	0	I	我	Я
、	、	0	0	,	，	,
この	この	0	0	this	此	Это
細い	細い	0	0	thin	薄	тонкий
蜘蛛	蜘蛛	0	0	spider	蜘蛛	паук
の	の	0	0	of	的	из
糸	糸	0	0	yarn	线	нить
が	が	0	0	But	那里	Там
、	、	0	0	,	，	,
どうして	どうして	0	0	why	为什么	почему
あれ	あれ	0	0	that	它	это
だけ	だけ	0	0	Only	只	только
の	の	0	0	of	的	из
人数	人数	0	0	Number of people	人数	Количество человек
の	の	0	0	of	的	из
重み	重み	0	0	weight	重量	вес
に	に	0	0	To	至	к
持ちこたえる	持ちこたえる	1	0	Hold out	支持	дотягивать
事	事	0	0	Thing	事	вещь
が	が	0	0	But	那里	Там
出来	出来る	0	0	Be able to	能够	Быть в состоянии
ましょ	ます	0	0	You	您	вы
う	う	0	0	Cormorant	鸬鹚	баклан
。	。	0	1	.	。	,
もし	もし	0	0	if	如果	если
万一	万一	0	0	By some chance	通过一定的几率	Если вдруг
途中	途中	0	0	Midstream	中游	середина реки
で	で	0	0	so	在	в
切れ	切れる	0	0	Expire	到期	истекать
た	た	0	0	It was	这是	было
と	と	0	0	When	和	и
致し	致す	0	0	Itasu	Itasu	Itasu
まし	ます	0	0	You	您	вы
たら	た	0	0	It was	这是	было
、	、	0	0	,	，	,
折角	折角	1	0	Long-awaited	千呼万唤始出来	Долгожданный
ここ	ここ	0	0	here	这里	здесь
へ	へ	0	0	What	至	к
まで	まで	0	0	Until	至	к
のぼっ	のぼる	0	0	Climb	攀登	набор высоты
て	て	0	0	On	上	на
来	来る	0	0	come	来	прийти
た	た	0	0	It was	这是	было
この	この	0	0	this	此	Это
肝要	肝要	0	0	Essential	必要	существенный
な	だ	0	0	I	我	Я
自分	自分	1	0	myself	自己	сам
まで	まで	0	0	Until	至	к
も	も	0	0	Also	还有	а также
、	、	0	0	,	，	,
元	元	0	0	Origin	起源	происхождения
の	の	0	0	of	的	из
地獄	地獄	0	0	hell	地狱	ад
へ	へ	0	0	What	至	к
逆落し	逆落し	0	0	Sakaotoshi	Sakaotoshi	Sakaotoshi
に	に	0	0	To	至	к
落ち	落ちる	1	0	drop down	下跌	падение
て	て	0	0	On	上	на
しまわ	しまう	0	0	Put away	抛弃	убирать
なけれ	ない	0	0	Absent	没有	Не имею
ば	ば	0	0	Place	地方	место
なり	なる	0	0	Become	变	становится
ませ	ます	0	0	You	您	вы
ん	ん	0	0	Hmm
。	。	0	1	.	。	,
そんな	そんな	0	0	Such	这样	такие
事	事	1	0	Thing	事	вещь
が	が	0	0	But	那里	Там
あっ	ある	0	0	is there	一些	некоторые
たら	た	0	0	It was	这是	было
、	、	0	0	,	，	,
大変	大変	0	0	very	很	очень
で	だ	0	0	I	我	Я
ござい	ござる	0	0	A bamboo basket	竹筐	Бамбуковая корзина
ます	ます	0	0	You	您	вы
。	。	0	1	.	。	,
陀多	陀多	0	0	陀多	陀多	陀多
が	が	0	0	But	那里	Там
、	、	0	0	,	，	,
そう	そう	0	0	so	所以	так
云う	云う	0	0	say	说	сказать
中	中	0	0	During ~	中	среда
に	に	0	0	To	至	к
も	も	0	0	Also	还有	а также
、	、	0	0	,	，	,
罪人	罪人	1	0	sinner	罪人	грешник
たち	たち	0	0	Us	我们	нас
は	は	0	0	It is	这是	Здесь
何	何	0	0	what	什么	какие
百	百	1	0	hundred	百	сто
と	と	0	0	When	和	и
なく	ない	0	0	Absent	没有	Не имею
何	何	0	0	what	什么	какие
千	千	1	0	thousand	千	тысяча
と	と	0	0	When	和	и
なく	ない	0	0	Absent	没有	Не имею
、	、	0	0	,	，	,
まっ暗	まっ暗	0	0	Total darkness	完全的黑暗	Полная темнота
な	だ	0	0	I	我	Я
血の池	血の池	0	0	Pool of blood	血池	Бассейн крови
の	の	0	0	of	的	из
底	底	1	0	bottom	底部	дно
から	から	0	0	From	从	из
、	、	0	0	,	，	,
うようよ	うようよ	0	0	Crawling with	爬行	кишит
と	と	0	0	When	和	и
這い	這う	0	0	Crawl	爬行	ползать
上っ	上る	0	0	climb	攀登	набор высоты
て	て	0	0	On	上	на
、	、	0	0	,	，	,
細く	細い	0	0	thin	薄	тонкий
光っ	光る	0	0	Shining	发光的	сияющий
て	て	0	0	On	上	на
いる	いる	0	0	Roast	烤	обжиг
蜘蛛	蜘蛛	0	0	spider	蜘蛛	паук
の	の	0	0	of	的	из
糸	糸	0	0	yarn	线	нить
を	を	0	0	The	该
、	、	0	0	,	，	,
一	一	0	0	one	一	один
列	列	0	0	Column	柱	колонка
に	に	0	0	To	至	к
なり	なる	0	0	Become	变	становится
ながら	ながら	0	0	Though	虽然	хотя
、	、	0	0	,	，	,
せっせと	せっせと	1	0	Busily	忙碌	деловито
のぼっ	のぼる	0	0	Climb	攀登	набор высоты
て	て	0	0	On	上	на
参り	参る	0	0	Be beaten	被打	побит
ます	ます	0	0	You	您	вы
。	。	0	1	.	。	,
今	今	0	0	now	现在	в настоящее время
の	の	0	0	of	的	из
内	内	0	0	The inner	内	внутренний
に	に	0	0	To	至	к
どうか	どうか	0	0	please ~	如何	как
し	する	0	0	Make	使	сделать
なけれ	ない	0	0	Absent	没有	Не имею
ば	ば	0	0	Place	地方	место
、	、	0	0	,	，	,
糸	糸	1	0	yarn	线	нить
は	は	0	0	It is	这是	Здесь
まん中	まん中	0	0	The middle	中间	середина
から	から	0	0	From	从	из
二つ	二つ	0	0	two	两	два
に	に	0	0	To	至	к
切れ	切れる	0	0	Expire	到期	истекать
て	て	0	0	On	上	на
、	、	0	0	,	，	,
落ち	落ちる	1	0	drop down	下跌	падение
て	て	0	0	On	上	на
しまう	しまう	0	0	Put away	抛弃	убирать
の	の	0	0	of	的	из
に	に	0	0	To	至	к
違い	違い	0	0	the difference	区别	разница
あり	ある	0	0	is there	一些	некоторые
ませ	ます	0	0	You	您	вы
ん	ん	0	0	Hmm
。	。	0	1	.	。	,
そこで	そこで	0	0	there	那里	Там
陀多	陀多	0	0	陀多	陀多	陀多
は	は	0	0	It is	这是	Здесь
大きな	大きな	1	0	big	伟大	большой
声	声	1	0	voice	声音	голос
を	を	0	0	The	该
出し	出す	0	0	put out	扑灭	гасить
て	て	0	0	On	上	на
、	、	0	0	,	，	,
「	「	0	0	"	“	"
こら	こら	0	0	Hey	哎	эй
、	、	0	0	,	，	,
罪人	罪人	0	0	sinner	罪人	грешник
ども	ども	0	0	Domo	DOMO	Domo
。	。	0	0	.	。	,
この	この	0	0	this	此	Это
蜘蛛	蜘蛛	1	0	spider	蜘蛛	паук
の	の	0	0	of	的	из
糸	糸	1	0	yarn	线	нить
は	は	0	0	It is	这是	Здесь
己	己	0	0	Yourself	你自己	сами
の	の	0	0	of	的	из
もの	もの	0	0	thing	事	вещь
だ	だ	0	0	I	我	Я
ぞ	ぞ	0	0
。	。	0	0	.	。	,
お前	お前	0	0	you	您	вы
たち	たち	0	0	Us	我们	нас
は	は	0	0	It is	这是	Здесь
一体	一体	0	0	Heck	哎呀	щеколда
誰	誰	1	0	Who	谁	кто
に	に	0	0	To	至	к
尋	尋	0	0	Fathom	噚	сажень
い	いる	0	0	Roast	烤	обжиг
て	て	0	0	On	上	на
、	、	0	0	,	，	,
のぼっ	のぼる	0	0	Climb	攀登	набор высоты
て	て	0	0	On	上	на
来	来る	0	0	come	来	прийти
た	た	0	0	It was	这是	было
。	。	0	0	.	。	,
下りろ	下りる	1	0	Descend	降落	нисходить
。	。	0	0	.	。	,
下りろ	下りる	1	0	Descend	降落	нисходить
。	。	0	0	.	。	,
」	」	0	0	"	“	"
と	と	0	0	When	和	и
喚き	喚く	1	0	Cry	哭	клич
まし	ます	0	0	You	您	вы
た	た	0	0	It was	这是	было
。	。	0	1	.	。	,
その	その	0	0	That	该
途端	途端	0	0	Zinc	锌	цинк
で	だ	0	0	I	我	Я
ござい	ござる	0	0	A bamboo basket	竹筐	Бамбуковая корзина
ます	ます	0	0	You	您	вы
。	。	0	1	.	。	,
今	今	0	0	now	现在	в настоящее время
まで	まで	0	0	Until	至	к
何	何	0	0	what	什么	какие
と	と	0	0	When	和	и
も	も	0	0	Also	还有	а также
なかっ	ない	0	0	Absent	没有	Не имею
た	た	0	0	It was	这是	было
蜘蛛	蜘蛛	0	0	spider	蜘蛛	паук
の	の	0	0	of	的	из
糸	糸	0	0	yarn	线	нить
が	が	0	0	But	那里	Там
、	、	0	0	,	，	,
急	急	0	0	Sudden	突然	внезапный
に	に	0	0	To	至	к
陀多	陀多	0	0	陀多	陀多	陀多
の	の	0	0	of	的	из
ぶら	ぶる	0	0	Pretend	假装	прикидываться
下っ	下る	0	0	Descend	降落	нисходить
て	て	0	0	On	上	на
いる	いる	0	0	Roast	烤	обжиг
所	所	0	0	Place	地方	место
から	から	0	0	From	从	из
、	、	0	0	,	，	,
音	音	1	0	sound	声音	звук
を	を	0	0	The	该
立て	立てる	0	0	Set up	成立	устанавливать
て	て	0	0	On	上	на
切れ	切れる	0	0	Expire	到期	истекать
まし	ます	0	0	You	您	вы
た	た	0	0	It was	这是	было
。	。	0	1	.	。	,
です	です	0	0	is	这是	Здесь
から	から	0	0	From	从	из
陀多	陀多	0	0	陀多	陀多	陀多
も	も	0	0	Also	还有	а также
たまり	たまる	0	0	Accumulate	积累	скапливаться
ませ	ます	0	0	You	您	вы
ん	ん	0	0	Hmm
。	。	0	1	.	。	,
間もなく	間もなく	1	0	Soon	不久	скоро
風	風	0	0	Wind	风	ветер
を	を	0	0	The	该
切っ	切る	0	0	Cut	切	вырезать
て	て	0	0	On	上	на
、	、	0	0	,	，	,
独楽	独楽	0	0	top	顶	топ
の	の	0	0	of	的	из
よう	よう	0	0	Yo	呦	Yo
に	に	0	0	To	至	к
くるくる	くるくる	0	0	Round and round	团团	Снова и снова
まわり	まわる	1	0	Around	周围	вокруг
ながら	ながら	0	0	Though	虽然	хотя
、	、	0	0	,	，	,
見る	見る	0	0	to see	见	посмотреть
見る	見る	0	0	to see	见	посмотреть
中	中	0	0	During ~	中	среда
に	に	0	0	To	至	к
暗	暗い	0	0	dark	黑暗	темно
の	の	0	0	of	的	из
底	底	1	0	bottom	底部	дно
へ	へ	0	0	What	至	к
、	、	0	0	,	，	,
まっ	まっ	0	0	Waiting	等候	ожидание
さ	さ	0	0
か	か	0	0	Or	或	или
さま	さま	0	0	Sama	萨玛	Sama
に	に	0	0	To	至	к
落ち	落ちる	1	0	drop down	下跌	падение
て	て	0	0	On	上	на
しまい	しまう	0	0	Put away	抛弃	убирать
まし	ます	0	0	You	您	вы
た	た	0	0	It was	这是	было
。	。	0	1	.	。	,
後	後	0	0	rear	后来	позже
に	に	0	0	To	至	к
は	は	0	0	It is	这是	Здесь
ただ	ただ	0	0	However	简单地	просто
極楽	極楽	1	0	Paradise	天堂	рай
の	の	0	0	of	的	из
蜘蛛	蜘蛛	0	0	spider	蜘蛛	паук
の	の	0	0	of	的	из
糸	糸	0	0	yarn	线	нить
が	が	0	0	But	那里	Там
、	、	0	0	,	，	,
きらきら	きらきら	0	0	Glitter	闪光	блеск
と	と	0	0	When	和	и
細く	細い	0	0	thin	薄	тонкий
光り	光る	1	0	Shining	发光的	сияющий
ながら	ながら	0	0	Though	虽然	хотя
、	、	0	0	,	，	,
月	月	0	0	Month	月	месяц
も	も	0	0	Also	还有	а также
星	星	0	0	Star	明星	звезда
も	も	0	0	Also	还有	а также
ない	ない	0	0	Absent	没有	Не имею
空	空	1	0	Sky	天空	небо
の	の	0	0	of	的	из
中途	中途	0	0	Mid-career	职业生涯中期	Середина карьеры
に	に	0	0	To	至	к
、	、	0	0	,	，	,
短く	短い	0	0	short	短	короткий
垂れ	垂れる	0	0	Drip	滴	капельный
て	て	0	0	On	上	на
いる	いる	0	0	Roast	烤	обжиг
ばかり	ばかり	0	0	Just	刚	как раз
で	だ	0	0	I	我	Я
ござい	ござる	0	0	A bamboo basket	竹筐	Бамбуковая корзина
ます	ます	0	0	You	您	вы
。	。	0	1	.	。	,
御	御	0	0	Your	你的	ваш
釈迦	釈迦	0	0	Buddha	佛	Будда
様	様	0	0	Mr	像	как
は	は	0	0	It is	这是	Здесь
極楽	極楽	0	0	Paradise	天堂	рай
の	の	0	0	of	的	из
蓮池	蓮池	0	0	Hasuike	莲池	Hasuike
の	の	0	0	of	的	из
ふち	ふち	0	0	Brink	边缘	Brink
に	に	0	0	To	至	к
立っ	立つ	0	0	stand	站	стенд
て	て	0	0	On	上	на
、	、	0	0	,	，	,
この	この	0	0	this	此	Это
一部始終	一部始終	1	0	Whole story	整个故事	Вся эта история
を	を	0	0	The	该
じっと	じっと	0	0	Patiently	耐心	терпеливо
見	見る	1	0	to see	见	посмотреть
て	て	0	0	On	上	на
いらっしゃい	いらっしゃる	0	0	Come	来	прийти
まし	ます	0	0	You	您	вы
た	た	0	0	It was	这是	было
が	が	0	0	But	那里	Там
、	、	0	0	,	，	,
やがて	やがて	0	0	Soon	不久	скоро
陀多	陀多	0	0	陀多	陀多	陀多
が	が	0	0	But	那里	Там
血の池	血の池	0	0	Pool of blood	血池	Бассейн крови
の	の	0	0	of	的	из
底	底	0	0	bottom	底部	дно
へ	へ	0	0	What	至	к
石	石	0	0	stone	石	камень
の	の	0	0	of	的	из
よう	よう	0	0	Yo	呦	Yo
に	に	0	0	To	至	к
沈ん	沈む	1	0	Sink	水槽	раковина
で	で	0	0	so	在	в
しまい	しまう	0	0	Put away	抛弃	убирать
ます	ます	0	0	You	您	вы
と	と	0	0	When	和	и
、	、	0	0	,	，	,
悲し	悲しい	1	0	sad	伤心	грустный
そう	そう	0	0	so	所以	так
な	だ	0	0	I	我	Я
御	御	0	0	Your	你的	ваш
顔	顔	0	0	face	面	лицо
を	を	0	0	The	该
なさ	なす	0	0	Eggplant	茄子	баклажан
り	り	0	0	Ri	日	Род-Айленд
ながら	ながら	0	0	Though	虽然	хотя
、	、	0	0	,	，	,
また	また	0	0	Also	还	также
ぶらぶら	ぶらぶら	0	0	Aimlessly	等闲	Бесцельно
御	御	0	0	Your	你的	ваш
歩き	歩き	0	0	Walking	步行	ходьба
に	に	0	0	To	至	к
なり	なる	0	0	Become	变	становится
始め	始める	1	0	start	开始	начать
まし	ます	0	0	You	您	вы
た	た	0	0	It was	这是	было
。	。	0	1	.	。	,
自分	自分	1	0	myself	自己	сам
ばかり	ばかり	0	0	Just	刚	как раз
地獄	地獄	1	0	hell	地狱	ад
から	から	0	0	From	从	из
ぬけ	ぬける	0	0	Go flat	走平	Перейти плоский
出そ	出す	0	0	put out	扑灭	гасить
う	う	0	0	Cormorant	鸬鹚	баклан
と	と	0	0	When	和	и
する	する	0	0	Make	使	сделать
、	、	0	0	,	，	,
陀多	陀多	0	0	陀多	陀多	陀多
の	の	0	0	of	的	из
無慈悲	無慈悲	0	0	Ruthless	无情	безжалостный
な	だ	0	0	I	我	Я
心	心	1	0	heart	心脏	сердце
が	が	0	0	But	那里	Там
、	、	0	0	,	，	,
そうして	そうして	0	0	Then	然后	тогда
その	その	0	0	That	该
心	心	0	0	heart	心脏	сердце
相当	相当	0	0	Substantially	大幅	по существу
な	だ	0	0	I	我	Я
罰	罰	1	0	punishment	惩罚	наказание
を	を	0	0	The	该
うけ	うける	0	0	box office	收到	получить
て	て	0	0	On	上	на
、	、	0	0	,	，	,
元	元	1	0	Origin	起源	происхождения
の	の	0	0	of	的	из
地獄	地獄	0	0	hell	地狱	ад
へ	へ	0	0	What	至	к
落ち	落ちる	0	0	drop down	下跌	падение
て	て	0	0	On	上	на
しまっ	しまう	0	0	Put away	抛弃	убирать
た	た	0	0	It was	这是	было
の	の	0	0	of	的	из
が	が	0	0	But	那里	Там
、	、	0	0	,	，	,
御	御	0	0	Your	你的	ваш
釈迦	釈迦	0	0	Buddha	佛	Будда
様	様	0	0	Mr	像	как
の	の	0	0	of	的	из
御	御	0	0	Your	你的	ваш
目	目	0	0	Eye	眼	глаз
から	から	0	0	From	从	из
見る	見る	0	0	to see	见	посмотреть
と	と	0	0	When	和	и
、	、	0	0	,	，	,
浅間	浅間	0	0	Asama	浅间	Асама
しく	しく	0	0	As	如	в качестве
思召	思召	0	0	Oboshimeshi	Oboshimeshi	Oboshimeshi
さ	する	0	0	Make	使	сделать
れ	れる	0	0	It is	这是	Здесь
た	た	0	0	It was	这是	было
の	の	0	0	of	的	из
で	だ	0	0	I	我	Я
ござい	ござる	0	0	A bamboo basket	竹筐	Бамбуковая корзина
ましょ	ます	0	0	You	您	вы
う	う	0	0	Cormorant	鸬鹚	баклан
。	。	0	1	.	。	,
しかし	しかし	1	0	However	但	но
極楽	極楽	0	0	Paradise	天堂	рай
の	の	0	0	of	的	из
蓮池	蓮池	0	0	Hasuike	莲池	Hasuike
の	の	0	0	of	的	из
蓮	蓮	1	0	lotus	莲花	лотос
は	は	0	0	It is	这是	Здесь
、	、	0	0	,	，	,
少し	少し	0	0	a little	有一点	Еще немного
も	も	0	0	Also	还有	а также
そんな	そんな	0	0	Such	这样	такие
事	事	0	0	Thing	事	вещь
に	に	0	0	To	至	к
は	は	0	0	It is	这是	Здесь
頓着	頓着	0	0	Care about	在乎	заботиться о
致し	致す	0	0	Itasu	Itasu	Itasu
ませ	ます	0	0	You	您	вы
ん	ん	0	0	Hmm
。	。	0	1	.	。	,
その	その	0	0	That	该
玉	玉	0	0	ball	球	мяч
の	の	0	0	of	的	из
よう	よう	0	0	Yo	呦	Yo
な	だ	0	0	I	我	Я
白い	白い	0	0	white	白	белый
花	花	1	0	flower	花	цветок
は	は	0	0	It is	这是	Здесь
、	、	0	0	,	，	,
御	御	0	0	Your	你的	ваш
釈迦	釈迦	0	0	Buddha	佛	Будда
様	様	0	0	Mr	像	как
の	の	0	0	of	的	из
御	御	0	0	Your	你的	ваш
足	足	0	0	leg	脚	ножка
の	の	0	0	of	的	из
まわり	まわり	0	0	Around	周围	вокруг
に	に	0	0	To	至	к
、	、	0	0	,	，	,
ゆらゆら	ゆらゆら	0	0	Wobbling	摆动	колебание
萼	萼	0	0	Calyx	花萼	чашечка
を	を	0	0	The	该
動かし	動かす	0	0	move	移动	перемещение
て	て	0	0	On	上	на
、	、	0	0	,	，	,
その	その	0	0	That	该
まん中	まん中	0	0	The middle	中间	середина
に	に	0	0	To	至	к
ある	ある	0	0	is there	一些	некоторые
金色	金色	0	0	Gold	金	золото
の	の	0	0	of	的	из
蕊	蕊	0	0	Stamens	雄蕊	Тычинок
から	から	0	0	From	从	из
は	は	0	0	It is	这是	Здесь
、	、	0	0	,	，	,
何とも	何とも	0	0	Indescribably	别提	Непередаваемо
云え	云う	0	0	say	说	сказать
ない	ない	0	0	Absent	没有	Не имею
好い	好い	0	0	good	良好	хорошо
匂	匂	0	0	Smell	闻	обоняние
が	が	0	0	But	那里	Там
、	、	0	0	,	，	,
絶間	絶間	0	0	Constantly	经常	постоянно
なく	ない	0	0	Absent	没有	Не имею
あたり	あたり	0	0	Strike	罢工	стачка
へ	へ	0	0	What	至	к
溢れ	溢れる	0	0	Overflow	溢出	перелив
て	て	0	0	On	上	на
居り	居る	0	0	Have	有	иметь
ます	ます	0	0	You	您	вы
。	。	0	1	.	。	,
極楽	極楽	0	0	Paradise	天堂	рай
も	も	0	0	Also	还有	а также
もう	もう	0	0	Already	更	более
昼	昼	1	0	Noon	中午	полдень
に	に	0	0	To	至	к
近く	近く	0	0	near	近	возле
なっ	なる	0	0	Become	变	становится
た	た	0	0	It was	这是	было
の	の	0	0	of	的	из
で	だ	0	0	I	我	Я
ござい	ござる	0	0	A bamboo basket	竹筐	Бамбуковая корзина
ましょ	ます	0	0	You	您	вы
う	う	0	0	Cormorant	鸬鹚	баклан
。	。	0	1	.	。	,
